name,id,wowhead,instance_name,source_name,ALLOWED_CLASSES,,,,,
Aeth's Swiftcinder Cloak,103846,https://www.wowhead.com/mop-classic/item=103846,Siege of Orgrimmar Heroic,Trash,"Class.Paladin, Class.Warrior, Class.DeathKnight",,,,,
Akolik's Acid-Soaked Robes,104608,https://www.wowhead.com/mop-classic/item=104608,Siege of Orgrimmar Heroic,Thok,"Class.Mage, Class.Priest, Class.Warlock",,,,,
Amber Parasite Wraps,104633,https://www.wowhead.com/mop-classic/item=104633,Siege of Orgrimmar Heroic,Paragons,"Class.Druid, Class.Monk",,,,,
Ancient Archer's Chestguard,104589,https://www.wowhead.com/mop-classic/item=104589,Siege of Orgrimmar Heroic,Spoils,"Class.Shaman, Class.Hunter",,,,,
Ancient Mogu Tower Shield,104594,https://www.wowhead.com/mop-classic/item=104594,Siege of Orgrimmar Heroic,Spoils,"Class.Warrior, Class.Paladin",,,,,
Arcsmasher Bracers,104493,https://www.wowhead.com/mop-classic/item=104493,Siege of Orgrimmar Heroic,Galakras,"Class.Paladin, Class.Warrior, Class.DeathKnight",,,,,
Arcweaver Spell Sword,104554,https://www.wowhead.com/mop-classic/item=104554,Siege of Orgrimmar Heroic,Nazgrim,"Class.Monk, Class.Paladin, Class.Warlock, Class.Mage",,,,,
Arrowflight Girdle,104588,https://www.wowhead.com/mop-classic/item=104588,Siege of Orgrimmar Heroic,Spoils,"Class.Shaman, Class.Hunter",,,,,
Asgorathian Blood Seal,104624,https://www.wowhead.com/mop-classic/item=104624,Siege of Orgrimmar Heroic,Blackfuse,"Class.Paladin, Class.Warrior, Class.DeathKnight",,,,,
Ashen Wall Girdle,104537,https://www.wowhead.com/mop-classic/item=104537,Siege of Orgrimmar Heroic,Dark Shaman,"Class.Paladin, Class.Warrior, Class.DeathKnight",,,,,
Ashflare Pendant,104543,https://www.wowhead.com/mop-classic/item=104543,Siege of Orgrimmar Heroic,Dark Shaman,"Class.Druid, Class.Mage, Class.Priest, Class.Monk, Class.Shaman, Class.Warlock",,,,,
Assurance of Consequence,104476,https://www.wowhead.com/mop-classic/item=104476,Siege of Orgrimmar Heroic,Sha of Pride,"Class.Druid, Class.Hunter, Class.Monk, Class.Rogue, Class.Shaman",,,,,
Avool's Ancestral Bracers,104595,https://www.wowhead.com/mop-classic/item=104595,Siege of Orgrimmar Heroic,Spoils,"Class.Mage, Class.Priest, Class.Warlock",,,,,
Belt of Ominous Trembles,104519,https://www.wowhead.com/mop-classic/item=104519,Siege of Orgrimmar Heroic,Iron Juggernaut,"Class.Mage, Class.Priest, Class.Warlock",,,,,
Belt of the Broken Pact,104650,https://www.wowhead.com/mop-classic/item=104650,Siege of Orgrimmar Heroic,Garrosh,"Class.Priest, Class.Mage, Class.Warlock",,,,,
Belt of the Iron Prison,104547,https://www.wowhead.com/mop-classic/item=104547,Siege of Orgrimmar Heroic,Dark Shaman,Class.Shaman,,,,,
Black Blood of Y'Shaarj,104652,https://www.wowhead.com/mop-classic/item=104652,Siege of Orgrimmar Heroic,Garrosh,"Class.Druid, Class.Mage, Class.Monk, Class.Paladin, Class.Priest, Class.Shaman, Class.Warlock",,,,,
Black-Blooded Drape,104577,https://www.wowhead.com/mop-classic/item=104577,Siege of Orgrimmar Heroic,Malkorok,"Class.Druid, Class.Mage, Class.Monk, Class.Paladin, Class.Priest, Class.Shaman, Class.Warlock",,,,,
Blackfuse Bombling,104158,https://www.wowhead.com/mop-classic/item=104158,Siege of Orgrimmar Heroic,Blackfuse,,,,,,
Blackfuse's Blasting Cord,104626,https://www.wowhead.com/mop-classic/item=104626,Siege of Orgrimmar Heroic,Blackfuse,"Class.Paladin, Class.Warrior, Class.DeathKnight",,,,,
Blight Hurlers,104466,https://www.wowhead.com/mop-classic/item=104466,Siege of Orgrimmar Heroic,Norushen,"Class.Mage, Class.Priest, Class.Warlock",,,,,
Blood Rage Bracers,104568,https://www.wowhead.com/mop-classic/item=104568,Siege of Orgrimmar Heroic,Malkorok,"Class.DeathKnight, Class.Warrior, Class.Paladin",,,,,
Bloodclaw Band,104538,https://www.wowhead.com/mop-classic/item=104538,Siege of Orgrimmar Heroic,Dark Shaman,"Class.DeathKnight, Class.Warrior, Class.Paladin",,,,,
Bolt-Burster Grips,104422,https://www.wowhead.com/mop-classic/item=104422,Siege of Orgrimmar Heroic,Immerseus,"Class.Mage, Class.Priest, Class.Warlock",,,,,
Bomber's Blackened Wristwatch,104620,https://www.wowhead.com/mop-classic/item=104620,Siege of Orgrimmar Heroic,Blackfuse,"Class.Druid, Class.Monk, Class.Rogue",,,,,
Bone-Inlaid Sandals,104497,https://www.wowhead.com/mop-classic/item=104497,Siege of Orgrimmar Heroic,Galakras,"Class.Mage, Class.Priest, Class.Warlock",,,,,
Boots of Broken Reliance,104471,https://www.wowhead.com/mop-classic/item=104471,Siege of Orgrimmar Heroic,Norushen,"Class.Monk, Class.Druid",,,,,
Boots of Perilous Infusion,104580,https://www.wowhead.com/mop-classic/item=104580,Siege of Orgrimmar Heroic,Malkorok,"Class.Druid, Class.Monk",,,,,
Borer Drill Boots,104529,https://www.wowhead.com/mop-classic/item=104529,Siege of Orgrimmar Heroic,Iron Juggernaut,Class.Paladin,,,,,
Bracers of Averted Fatality,104581,https://www.wowhead.com/mop-classic/item=104581,Siege of Orgrimmar Heroic,Malkorok,"Class.Druid, Class.Monk",,,,,
Bracers of Blind Hatred,104460,https://www.wowhead.com/mop-classic/item=104460,Siege of Orgrimmar Heroic,Norushen,"Class.Paladin, Class.Warrior, Class.DeathKnight",,,,,
Bracers of Broken Causation,104465,https://www.wowhead.com/mop-classic/item=104465,Siege of Orgrimmar Heroic,Norushen,"Class.Priest, Class.Warlock, Class.Mage",,,,,
Bracers of Final Serenity,104473,https://www.wowhead.com/mop-classic/item=104473,Siege of Orgrimmar Heroic,Norushen,Class.Shaman,,,,,
Bracers of Infinite Pipes,104621,https://www.wowhead.com/mop-classic/item=104621,Siege of Orgrimmar Heroic,Blackfuse,"Class.Hunter, Class.Shaman",,,,,
Bracers of Purified Spirit,104429,https://www.wowhead.com/mop-classic/item=104429,Siege of Orgrimmar Heroic,Immerseus,"Class.Monk, Class.Druid",,,,,
Bracers of Sonic Projection,104630,https://www.wowhead.com/mop-classic/item=104630,Siege of Orgrimmar Heroic,Paragons,"Class.Mage, Class.Priest, Class.Warlock",,,,,
Bracers of Sordid Sleep,104419,https://www.wowhead.com/mop-classic/item=104419,Siege of Orgrimmar Heroic,Immerseus,"Class.Paladin, Class.Warrior, Class.DeathKnight",,,,,
Bracers of the Broken Fault,104521,https://www.wowhead.com/mop-classic/item=104521,Siege of Orgrimmar Heroic,Iron Juggernaut,"Class.Mage, Class.Priest, Class.Warlock",,,,,
Bracers of the Pristine Purifier,104602,https://www.wowhead.com/mop-classic/item=104602,Siege of Orgrimmar Heroic,Spoils,Class.Shaman,,,,,
Brave Niunai's Cloak,103960,https://www.wowhead.com/mop-classic/item=103960,Siege of Orgrimmar Heroic,Trash,"Class.Druid, Class.Priest, Class.Mage, Class.Paladin, Class.Shaman, Class.Monk, Class.Warlock",,,,,
Breastplate of Shamanic Mirrors,104536,https://www.wowhead.com/mop-classic/item=104536,Siege of Orgrimmar Heroic,Dark Shaman,"Class.Paladin, Class.Warrior, Class.DeathKnight",,,,,
Britomart's Jagged Pike,104614,https://www.wowhead.com/mop-classic/item=104614,Siege of Orgrimmar Heroic,Thok,"Class.Paladin, Class.Warrior, Class.DeathKnight",,,,,
Bubble-Burst Bracers,104415,https://www.wowhead.com/mop-classic/item=104415,Siege of Orgrimmar Heroic,Immerseus,"Class.Paladin, Class.Warrior, Class.DeathKnight",,,,,
Bulwark of the Fallen General,104560,https://www.wowhead.com/mop-classic/item=104560,Siege of Orgrimmar Heroic,Nazgrim,"Class.Paladin, Class.Warrior",,,,,
Calixian Bladebreakers,104623,https://www.wowhead.com/mop-classic/item=104623,Siege of Orgrimmar Heroic,Blackfuse,"Class.Paladin, Class.Warrior, Class.DeathKnight",,,,,
Cannoneer's Multipocket Gunbelt,104490,https://www.wowhead.com/mop-classic/item=104490,Siege of Orgrimmar Heroic,Galakras,"Class.Hunter, Class.Shaman",,,,,
Cape of the Alpha,103935,https://www.wowhead.com/mop-classic/item=103935,Siege of Orgrimmar Heroic,Trash,"Class.Druid, Class.Hunter, Class.Monk, Class.Rogue, Class.Shaman",,,,,
Castlebreaker Bracers,104526,https://www.wowhead.com/mop-classic/item=104526,Siege of Orgrimmar Heroic,Iron Juggernaut,"Class.Druid, Class.Monk",,,,,
Cavemaker Wristguards,104528,https://www.wowhead.com/mop-classic/item=104528,Siege of Orgrimmar Heroic,Iron Juggernaut,Class.Shaman,,,,,
Chest of the Cursed Conqueror,99715,https://www.wowhead.com/mop-classic/item=99715,Siege of Orgrimmar Heroic,Sha of Pride,"Class.Paladin, Class.Priest, Class.Warlock",,,,,
Chest of the Cursed Protector,99716,https://www.wowhead.com/mop-classic/item=99716,Siege of Orgrimmar Heroic,Sha of Pride,"Class.Hunter, Class.Monk, Class.Warrior, Class.Shaman",,,,,
Chest of the Cursed Vanquisher,99714,https://www.wowhead.com/mop-classic/item=99714,Siege of Orgrimmar Heroic,Sha of Pride,"Class.Druid, Class.Mage, Class.Rogue, Class.DeathKnight",,,,,
Chestguard of Relentless Tyranny,104641,https://www.wowhead.com/mop-classic/item=104641,Siege of Orgrimmar Heroic,Garrosh,"Class.Shaman, Class.Hunter",,,,,
Chestguard of Toxic Injections,104634,https://www.wowhead.com/mop-classic/item=104634,Siege of Orgrimmar Heroic,Paragons,Class.Shaman,,,,,
Chestplate of Congealed Corrosion,104416,https://www.wowhead.com/mop-classic/item=104416,Siege of Orgrimmar Heroic,Immerseus,"Class.DeathKnight, Class.Warrior, Class.Paladin",,,,,
Chestplate of Fallen Passion,104658,https://www.wowhead.com/mop-classic/item=104658,Siege of Orgrimmar Heroic,Garrosh,Class.Paladin,,,,,
Chitin-Link Chain Belt,104601,https://www.wowhead.com/mop-classic/item=104601,Siege of Orgrimmar Heroic,Spoils,Class.Shaman,,,,,
Choker of the Final Word,104484,https://www.wowhead.com/mop-classic/item=104484,Siege of Orgrimmar Heroic,Sha of Pride,"Class.Warrior, Class.DeathKnight, Class.Paladin",,,,,
Cloak of Misguided Power,104425,https://www.wowhead.com/mop-classic/item=104425,Siege of Orgrimmar Heroic,Immerseus,"Class.Druid, Class.Mage, Class.Monk, Class.Priest, Class.Shaman, Class.Warlock",,,,,
Confident Grips,104472,https://www.wowhead.com/mop-classic/item=104472,Siege of Orgrimmar Heroic,Norushen,"Class.Druid, Class.Monk",,,,,
Cord of Black Dreams,104639,https://www.wowhead.com/mop-classic/item=104639,Siege of Orgrimmar Heroic,Garrosh,"Class.Druid, Class.Monk, Class.Rogue",,,,,
Corruption-Rotted Gauntlets,104417,https://www.wowhead.com/mop-classic/item=104417,Siege of Orgrimmar Heroic,Immerseus,"Class.Paladin, Class.Warrior, Class.DeathKnight",,,,,
Cowl of Smoking Dreams,104657,https://www.wowhead.com/mop-classic/item=104657,Siege of Orgrimmar Heroic,Garrosh,Class.Shaman,,,,,
Crimson Gauntlets of Death,103859,https://www.wowhead.com/mop-classic/item=103859,Siege of Orgrimmar Heroic,Trash,"Class.Druid, Class.Monk",,,,,
Crown of Boastful Words,104481,https://www.wowhead.com/mop-classic/item=104481,Siege of Orgrimmar Heroic,Sha of Pride,Class.Paladin,,,,,
Crown of Tragic Truth,104558,https://www.wowhead.com/mop-classic/item=104558,Siege of Orgrimmar Heroic,Nazgrim,Class.Shaman,,,,,
Curse of Hubris,104649,https://www.wowhead.com/mop-classic/item=104649,Siege of Orgrimmar Heroic,Garrosh,"Class.Druid, Class.Monk, Class.Paladin, Class.Warrior, Class.DeathKnight",,,,,
Dagryn's Discarded Longbow,104486,https://www.wowhead.com/mop-classic/item=104486,Siege of Orgrimmar Heroic,Galakras,Class.Hunter,,,,,
Dagryn's Fuselight Bracers,104491,https://www.wowhead.com/mop-classic/item=104491,Siege of Orgrimmar Heroic,Galakras,"Class.Shaman, Class.Hunter",,,,,
Damron's Belt of Darkness,104532,https://www.wowhead.com/mop-classic/item=104532,Siege of Orgrimmar Heroic,Dark Shaman,"Class.Druid, Class.Monk, Class.Rogue",,,,,
Darkfallen Shoulderplates,104438,https://www.wowhead.com/mop-classic/item=104438,Siege of Orgrimmar Heroic,Fallen Protectors,"Class.Paladin, Class.Warrior, Class.DeathKnight",,,,,
Darkfang Mask,104546,https://www.wowhead.com/mop-classic/item=104546,Siege of Orgrimmar Heroic,Dark Shaman,"Class.Druid, Class.Monk",,,,,
Death Lotus Crossbow,104433,https://www.wowhead.com/mop-classic/item=104433,Siege of Orgrimmar Heroic,Fallen Protectors,Class.Hunter,,,,,
Demolisher's Reinforced Belt,104513,https://www.wowhead.com/mop-classic/item=104513,Siege of Orgrimmar Heroic,Iron Juggernaut,"Class.Paladin, Class.Warrior, Class.DeathKnight",,,,,
Devilfang Band,104615,https://www.wowhead.com/mop-classic/item=104615,Siege of Orgrimmar Heroic,Thok,"Class.Paladin, Class.Warrior, Class.DeathKnight",,,,,
Dragonmaw Emergency Strap,104504,https://www.wowhead.com/mop-classic/item=104504,Siege of Orgrimmar Heroic,Galakras,"Class.Druid, Class.Monk",,,,,
Drakebinder Greatstaff,104503,https://www.wowhead.com/mop-classic/item=104503,Siege of Orgrimmar Heroic,Galakras,"Class.Druid, Class.Monk, Class.Priest, Class.Shaman, Class.Mage, Class.Warlock",,,,,
Drape of the Despairing Pit,104462,https://www.wowhead.com/mop-classic/item=104462,Siege of Orgrimmar Heroic,Norushen,"Class.Paladin, Class.Warrior, Class.DeathKnight",,,,,
Drape of the Omega,103770,https://www.wowhead.com/mop-classic/item=103770,Siege of Orgrimmar Heroic,Trash,"Class.Druid, Class.Mage, Class.Monk, Class.Paladin, Class.Priest, Class.Shaman, Class.Warlock",,,,,
Droplet of Y'Shaarj,104162,https://www.wowhead.com/mop-classic/item=104162,Siege of Orgrimmar Heroic,Sha of Pride,,,,,,
Dysmorphic Samophlange of Discontinuity,104619,https://www.wowhead.com/mop-classic/item=104619,Siege of Orgrimmar Heroic,Blackfuse,"Class.Druid, Class.Monk, Class.Paladin, Class.Priest, Class.Shaman",,,,,
Earthbreaker's Steaming Chestplate,104516,https://www.wowhead.com/mop-classic/item=104516,Siege of Orgrimmar Heroic,Iron Juggernaut,"Class.Paladin, Class.Warrior, Class.DeathKnight",,,,,
Earthripper Gloves,104522,https://www.wowhead.com/mop-classic/item=104522,Siege of Orgrimmar Heroic,Iron Juggernaut,"Class.Druid, Class.Mage, Class.Monk, Class.Paladin, Class.Priest, Class.Shaman, Class.Warlock",,,,,
Ebon Blood Chestguard,104582,https://www.wowhead.com/mop-classic/item=104582,Siege of Orgrimmar Heroic,Malkorok,Class.Shaman,,,,,
Ebon Ritual Hood,104651,https://www.wowhead.com/mop-classic/item=104651,Siege of Orgrimmar Heroic,Garrosh,"Class.Mage, Class.Priest, Class.Warlock",,,,,
Echoes of War,105856,https://www.wowhead.com/mop-classic/item=105856,Siege of Orgrimmar Heroic,Shared,,,,,,
Encapsulated Essence of Immerseus,104421,https://www.wowhead.com/mop-classic/item=104421,Siege of Orgrimmar Heroic,Immerseus,"Class.Paladin, Class.Warrior",,,,,
Enchanted Shao-Tien Saber,104585,https://www.wowhead.com/mop-classic/item=104585,Siege of Orgrimmar Heroic,Spoils,"Class.Monk, Class.Rogue",,,,,
Essence of the Cursed Conqueror,105867,https://www.wowhead.com/mop-classic/item=105867,Siege of Orgrimmar Heroic,Garrosh,"Class.Paladin, Class.Priest, Class.Warlock",,,,,
Essence of the Cursed Protector,105866,https://www.wowhead.com/mop-classic/item=105866,Siege of Orgrimmar Heroic,Garrosh,"Class.Hunter, Class.Monk, Class.Shaman, Class.Warrior",,,,,
Essence of the Cursed Vanquisher,105868,https://www.wowhead.com/mop-classic/item=105868,Siege of Orgrimmar Heroic,Garrosh,"Class.Druid, Class.Mage, Class.Rogue, Class.DeathKnight",,,,,
Evil Eye of Galakras,104495,https://www.wowhead.com/mop-classic/item=104495,Siege of Orgrimmar Heroic,Galakras,"Class.Paladin, Class.Warrior, Class.DeathKnight",,,,,
Extinguished Ember of Galakras,104502,https://www.wowhead.com/mop-classic/item=104502,Siege of Orgrimmar Heroic,Galakras,"Class.Druid, Class.Mage, Class.Priest, Class.Shaman, Class.Warlock",,,,,
Festering Primordial Globule,104609,https://www.wowhead.com/mop-classic/item=104609,Siege of Orgrimmar Heroic,Thok,"Class.Druid, Class.Mage, Class.Priest, Class.Shaman, Class.Warlock",,,,,
Flameslinger's Fiery Cowl,104499,https://www.wowhead.com/mop-classic/item=104499,Siege of Orgrimmar Heroic,Galakras,"Class.Mage, Class.Priest, Class.Warlock",,,,,
Frenzied Crystal of Rage,104576,https://www.wowhead.com/mop-classic/item=104576,Siege of Orgrimmar Heroic,Malkorok,"Class.Druid, Class.Mage, Class.Priest, Class.Shaman, Class.Warlock",,,,,
Fusespark Gloves,104617,https://www.wowhead.com/mop-classic/item=104617,Siege of Orgrimmar Heroic,Blackfuse,"Class.Mage, Class.Priest, Class.Warlock",,,,,
Fusion-Fire Core,104463,https://www.wowhead.com/mop-classic/item=104463,Siege of Orgrimmar Heroic,Norushen,"Class.Paladin, Class.Warrior, Class.DeathKnight",,,,,
Galakrond Control Band,104496,https://www.wowhead.com/mop-classic/item=104496,Siege of Orgrimmar Heroic,Galakras,"Class.Paladin, Class.Warrior, Class.DeathKnight",,,,,
"Gar'tok, Strength of the Faithful",104559,https://www.wowhead.com/mop-classic/item=104559,Siege of Orgrimmar Heroic,Nazgrim,"Class.Paladin, Class.Warrior, Class.DeathKnight",,,,,
Gauntlets of Discarded Time,103791,https://www.wowhead.com/mop-classic/item=103791,Siege of Orgrimmar Heroic,Trash,"Class.Paladin, Class.Warrior, Class.DeathKnight",,,,,
Gauntlets of Insane Calculations,104635,https://www.wowhead.com/mop-classic/item=104635,Siege of Orgrimmar Heroic,Paragons,Class.Paladin,,,,,
Gauntlets of the Cursed Conqueror,99721,https://www.wowhead.com/mop-classic/item=99721,Siege of Orgrimmar Heroic,Nazgrim,"Class.Paladin, Class.Priest, Class.Warlock",,,,,
Gauntlets of the Cursed Protector,99722,https://www.wowhead.com/mop-classic/item=99722,Siege of Orgrimmar Heroic,Nazgrim,"Class.Hunter, Class.Monk, Class.Shaman, Class.Warrior",,,,,
Gauntlets of the Cursed Vanquisher,99720,https://www.wowhead.com/mop-classic/item=99720,Siege of Orgrimmar Heroic,Nazgrim,"Class.Druid, Class.Mage, Class.Rogue, Class.DeathKnight",,,,,
Gaze of Arrogance,104479,https://www.wowhead.com/mop-classic/item=104479,Siege of Orgrimmar Heroic,Sha of Pride,"Class.Druid, Class.Monk, Class.Priest, Class.Shaman, Class.Warlock, Class.Mage",,,,,
Gaze of Echoing Despair,104453,https://www.wowhead.com/mop-classic/item=104453,Siege of Orgrimmar Heroic,Fallen Protectors,Class.Paladin,,,,,
Gleaming Eye of the Devilsaur,104606,https://www.wowhead.com/mop-classic/item=104606,Siege of Orgrimmar Heroic,Thok,"Class.Druid, Class.Hunter, Class.Monk, Class.Rogue, Class.Shaman",,,,,
Gloomwrap Greatcloak,104441,https://www.wowhead.com/mop-classic/item=104441,Siege of Orgrimmar Heroic,Fallen Protectors,"Class.Paladin, Class.Warrior, Class.DeathKnight",,,,,
Gloves of the Golden Protector,104457,https://www.wowhead.com/mop-classic/item=104457,Siege of Orgrimmar Heroic,Norushen,"Class.Druid, Class.Monk, Class.Rogue",,,,,
Greatbelt of Living Waters,104431,https://www.wowhead.com/mop-classic/item=104431,Siege of Orgrimmar Heroic,Immerseus,Class.Paladin,,,,,
Greathelm of the Warchief,104647,https://www.wowhead.com/mop-classic/item=104647,Siege of Orgrimmar Heroic,Garrosh,"Class.Paladin, Class.Warrior, Class.DeathKnight",,,,,
Greatsword of Pride's Fall,104483,https://www.wowhead.com/mop-classic/item=104483,Siege of Orgrimmar Heroic,Sha of Pride,"Class.Paladin, Class.Warrior, Class.DeathKnight",,,,,
Greaves of Sublime Superiority,104482,https://www.wowhead.com/mop-classic/item=104482,Siege of Orgrimmar Heroic,Sha of Pride,"Class.Paladin, Class.Warrior, Class.DeathKnight",,,,,
Grips of the Fallen Council,104452,https://www.wowhead.com/mop-classic/item=104452,Siege of Orgrimmar Heroic,Fallen Protectors,Class.Paladin,,,,,
Grips of Tidal Force,104505,https://www.wowhead.com/mop-classic/item=104505,Siege of Orgrimmar Heroic,Galakras,Class.Shaman,,,,,
Grips of Unending Anguish,104436,https://www.wowhead.com/mop-classic/item=104436,Siege of Orgrimmar Heroic,Fallen Protectors,"Class.Hunter, Class.Shaman",,,,,
Halberd of Inner Shadows,104564,https://www.wowhead.com/mop-classic/item=104564,Siege of Orgrimmar Heroic,Malkorok,"Class.Druid, Class.Hunter, Class.Monk",,,,,
Haromm's Frozen Crescent,104539,https://www.wowhead.com/mop-classic/item=104539,Siege of Orgrimmar Heroic,Dark Shaman,"Class.Hunter, Class.Shaman",,,,,
Haromm's Horrifying Helm,104534,https://www.wowhead.com/mop-classic/item=104534,Siege of Orgrimmar Heroic,Dark Shaman,,,,,,
Haromm's Talisman,104531,https://www.wowhead.com/mop-classic/item=104531,Siege of Orgrimmar Heroic,Dark Shaman,,,,,,
Helm of the Cursed Conqueror,99724,https://www.wowhead.com/mop-classic/item=99724,Siege of Orgrimmar Heroic,Thok,"Class.Paladin, Class.Priest, Class.Warlock",,,,,
Helm of the Cursed Protector,99725,https://www.wowhead.com/mop-classic/item=99725,Siege of Orgrimmar Heroic,Thok,"Class.Hunter, Class.Monk, Class.Shaman, Class.Warrior",,,,,
Helm of the Cursed Vanquisher,99723,https://www.wowhead.com/mop-classic/item=99723,Siege of Orgrimmar Heroic,Thok,"Class.Druid, Class.Mage, Class.Rogue, Class.DeathKnight",,,,,
Helm of the Night Watchman,104590,https://www.wowhead.com/mop-classic/item=104590,Siege of Orgrimmar Heroic,Spoils,,,,,,
Hisek's Reserve Longbow,104627,https://www.wowhead.com/mop-classic/item=104627,Siege of Orgrimmar Heroic,Paragons,,,,,,
Hood of Blackened Tears,104413,https://www.wowhead.com/mop-classic/item=104413,Siege of Orgrimmar Heroic,Immerseus,,,,,,
Hood of Perpetual Implosion,104574,https://www.wowhead.com/mop-classic/item=104574,Siege of Orgrimmar Heroic,Malkorok,,,,,,
Hood of Swirling Senses,104424,https://www.wowhead.com/mop-classic/item=104424,Siege of Orgrimmar Heroic,Immerseus,,,,,,
Hopeglow Spaulders,104656,https://www.wowhead.com/mop-classic/item=104656,Siege of Orgrimmar Heroic,Garrosh,,,,,,
Horned Mace of the Old Ones,104653,https://www.wowhead.com/mop-classic/item=104653,Siege of Orgrimmar Heroic,Garrosh,,,,,,
Hvitserk's Formidable Shanker,104605,https://www.wowhead.com/mop-classic/item=104605,Siege of Orgrimmar Heroic,Thok,,,,,,
Ichor-Dripping Shoulderpads,104423,https://www.wowhead.com/mop-classic/item=104423,Siege of Orgrimmar Heroic,Immerseus,,,,,,
Icy Blood Chestplate,104612,https://www.wowhead.com/mop-classic/item=104612,Siege of Orgrimmar Heroic,Thok,,,,,,
Immaculately Preserved Wand,104598,https://www.wowhead.com/mop-classic/item=104598,Siege of Orgrimmar Heroic,Spoils,,,,,,
Immerseus' Crystalline Eye,104411,https://www.wowhead.com/mop-classic/item=104411,Siege of Orgrimmar Heroic,Immerseus,,,,,,
Iron Wolf Hood,104542,https://www.wowhead.com/mop-classic/item=104542,Siege of Orgrimmar Heroic,Dark Shaman,,,,,,
Iyyokuk's Hereditary Seal,104632,https://www.wowhead.com/mop-classic/item=104632,Siege of Orgrimmar Heroic,Paragons,,,,,,
Juggernaut's Focusing Crystal,104518,https://www.wowhead.com/mop-classic/item=104518,Siege of Orgrimmar Heroic,Iron Juggernaut,,,,,,
Juggernaut's Ignition Keys,104517,https://www.wowhead.com/mop-classic/item=104517,Siege of Orgrimmar Heroic,Iron Juggernaut,,,,,,
Juggernaut's Power Core,104525,https://www.wowhead.com/mop-classic/item=104525,Siege of Orgrimmar Heroic,Iron Juggernaut,,,,,,
Kalaena's Arcane Handwraps,103854,https://www.wowhead.com/mop-classic/item=103854,Siege of Orgrimmar Heroic,Trash,,,,,,
Kardris' Scepter,104545,https://www.wowhead.com/mop-classic/item=104545,Siege of Orgrimmar Heroic,Dark Shaman,,,,,,
Kardris' Toxic Totem,104544,https://www.wowhead.com/mop-classic/item=104544,Siege of Orgrimmar Heroic,Dark Shaman,,,,,,
Keengrip Arrowpullers,103781,https://www.wowhead.com/mop-classic/item=103781,Siege of Orgrimmar Heroic,Trash,,,,,,
Kil'ruk's Band of Ascendancy,104628,https://www.wowhead.com/mop-classic/item=104628,Siege of Orgrimmar Heroic,Paragons,,,,,,
Kil'ruk's Furious Blade,104637,https://www.wowhead.com/mop-classic/item=104637,Siege of Orgrimmar Heroic,Paragons,,,,,,
Klaxxi Grips of Rejuvenation,104599,https://www.wowhead.com/mop-classic/item=104599,Siege of Orgrimmar Heroic,Spoils,,,,,,
Kor'kron Elite Skullmask,104640,https://www.wowhead.com/mop-classic/item=104640,Siege of Orgrimmar Heroic,Garrosh,,,,,,
Kor'kron Hand Cannon,104563,https://www.wowhead.com/mop-classic/item=104563,Siege of Orgrimmar Heroic,Malkorok,,,,,,
Kor'kron Juggernaut,104253,https://www.wowhead.com/mop-classic/item=104253,Siege of Orgrimmar Heroic,Garrosh,,,,,,
Kor'kron Spire of Supremacy,104638,https://www.wowhead.com/mop-classic/item=104638,Siege of Orgrimmar Heroic,Garrosh,,,,,,
Korgra's Venom-Soaked Gauntlets,104489,https://www.wowhead.com/mop-classic/item=104489,Siege of Orgrimmar Heroic,Galakras,,,,,,
Korven's Crimson Crescent,104629,https://www.wowhead.com/mop-classic/item=104629,Siege of Orgrimmar Heroic,Paragons,,,,,,
Kovok,104165,https://www.wowhead.com/mop-classic/item=104165,Siege of Orgrimmar Heroic,Paragons,,,,,,
Krugruk's Rigid Shoulderplates,104494,https://www.wowhead.com/mop-classic/item=104494,Siege of Orgrimmar Heroic,Galakras,,,,,,
Laser Burn Bracers,104509,https://www.wowhead.com/mop-classic/item=104509,Siege of Orgrimmar Heroic,Iron Juggernaut,,,,,,
Laser-Slice Signet,104524,https://www.wowhead.com/mop-classic/item=104524,Siege of Orgrimmar Heroic,Iron Juggernaut,,,,,,
Lazahk's Lost Shadowrap,104565,https://www.wowhead.com/mop-classic/item=104565,Siege of Orgrimmar Heroic,Malkorok,,,,,,
Leggings of Furious Flame,104520,https://www.wowhead.com/mop-classic/item=104520,Siege of Orgrimmar Heroic,Iron Juggernaut,,,,,,
Leggings of the Cursed Conqueror,99712,https://www.wowhead.com/mop-classic/item=99712,Siege of Orgrimmar Heroic,Paragons,,,,,,
Leggings of the Cursed Protector,99713,https://www.wowhead.com/mop-classic/item=99713,Siege of Orgrimmar Heroic,Paragons,,,,,,
Leggings of the Cursed Vanquisher,99726,https://www.wowhead.com/mop-classic/item=99726,Siege of Orgrimmar Heroic,Paragons,,,,,,
Leggings of Unabashed Anger,104458,https://www.wowhead.com/mop-classic/item=104458,Siege of Orgrimmar Heroic,Norushen,,,,,,
Legplates of Unthinking Strife,104644,https://www.wowhead.com/mop-classic/item=104644,Siege of Orgrimmar Heroic,Garrosh,,,,,,
Legplates of Willful Doom,104569,https://www.wowhead.com/mop-classic/item=104569,Siege of Orgrimmar Heroic,Malkorok,,,,,,
Lever of the Megantholithic Apparatus,104618,https://www.wowhead.com/mop-classic/item=104618,Siege of Orgrimmar Heroic,Blackfuse,,,,,,
Lifebane Bracers,104446,https://www.wowhead.com/mop-classic/item=104446,Siege of Orgrimmar Heroic,Fallen Protectors,,,,,,
Lost Necklace of the Mogu Empress,104597,https://www.wowhead.com/mop-classic/item=104597,Siege of Orgrimmar Heroic,Spoils,,,,,,
Malkorok's Giant Stompers,104567,https://www.wowhead.com/mop-classic/item=104567,Siege of Orgrimmar Heroic,Malkorok,,,,,,
Malkorok's Skullcleaver,104571,https://www.wowhead.com/mop-classic/item=104571,Siege of Orgrimmar Heroic,Malkorok,,,,,,
Malkorok's Tainted Dog Tags,104570,https://www.wowhead.com/mop-classic/item=104570,Siege of Orgrimmar Heroic,Malkorok,,,,,,
Mantid Carapace Augments,104587,https://www.wowhead.com/mop-classic/item=104587,Siege of Orgrimmar Heroic,Spoils,,,,,,
Mantid Vizier's Robes,104596,https://www.wowhead.com/mop-classic/item=104596,Siege of Orgrimmar Heroic,Spoils,,,,,,
Mantle of Looming Darkness,104659,https://www.wowhead.com/mop-classic/item=104659,Siege of Orgrimmar Heroic,Garrosh,,,,,,
Marco's Crackling Gloves,103764,https://www.wowhead.com/mop-classic/item=103764,Siege of Orgrimmar Heroic,Trash,,,,,,
Miasmic Skullbelt,104573,https://www.wowhead.com/mop-classic/item=104573,Siege of Orgrimmar Heroic,Malkorok,,,,,,
Minelayer's Padded Boots,104511,https://www.wowhead.com/mop-classic/item=104511,Siege of Orgrimmar Heroic,Iron Juggernaut,,,,,,
Mogu Mindbender's Greaves,104604,https://www.wowhead.com/mop-classic/item=104604,Siege of Orgrimmar Heroic,Spoils,,,,,,
Montak's Grips of Scorching Breath,104607,https://www.wowhead.com/mop-classic/item=104607,Siege of Orgrimmar Heroic,Thok,,,,,,
Nazgrim's Burnished Insignia,104553,https://www.wowhead.com/mop-classic/item=104553,Siege of Orgrimmar Heroic,Nazgrim,,,,,,
Nazgrim's Gutripper,104551,https://www.wowhead.com/mop-classic/item=104551,Siege of Orgrimmar Heroic,Nazgrim,,,,,,
Necklace of Fading Light,104477,https://www.wowhead.com/mop-classic/item=104477,Siege of Orgrimmar Heroic,Sha of Pride,,,,,,
Norushen's Enigmatic Barrier,104470,https://www.wowhead.com/mop-classic/item=104470,Siege of Orgrimmar Heroic,Norushen,,,,,,
Norushen's Shortblade,104454,https://www.wowhead.com/mop-classic/item=104454,Siege of Orgrimmar Heroic,Norushen,,,,,,
Ominous Mogu Greatboots,104592,https://www.wowhead.com/mop-classic/item=104592,Siege of Orgrimmar Heroic,Spoils,,,,,,
Pandaren Roofsprinters,104586,https://www.wowhead.com/mop-classic/item=104586,Siege of Orgrimmar Heroic,Spoils,,,,,,
Pauldrons of Violent Eruption,104420,https://www.wowhead.com/mop-classic/item=104420,Siege of Orgrimmar Heroic,Immerseus,,,,,,
Penetrating Gaze of Y'Shaarj,104642,https://www.wowhead.com/mop-classic/item=104642,Siege of Orgrimmar Heroic,Garrosh,,,,,,
Petrified Pennyroyal Ring,104447,https://www.wowhead.com/mop-classic/item=104447,Siege of Orgrimmar Heroic,Fallen Protectors,,,,,,
Plate Belt of the War-Healer,104603,https://www.wowhead.com/mop-classic/item=104603,Siege of Orgrimmar Heroic,Spoils,,,,,,
Poisonbinder Girth,104437,https://www.wowhead.com/mop-classic/item=104437,Siege of Orgrimmar Heroic,Fallen Protectors,,,,,,
Poisonmist Nightcloak,104530,https://www.wowhead.com/mop-classic/item=104530,Siege of Orgrimmar Heroic,Dark Shaman,,,,,,
Powder-Stained Totemic Treads,104622,https://www.wowhead.com/mop-classic/item=104622,Siege of Orgrimmar Heroic,Blackfuse,,,,,,
Precision Cutters,104512,https://www.wowhead.com/mop-classic/item=104512,Siege of Orgrimmar Heroic,Iron Juggernaut,,,,,,
Prismatic Prison of Pride,104478,https://www.wowhead.com/mop-classic/item=104478,Siege of Orgrimmar Heroic,Sha of Pride,,,,,,
Puddle Punishers,104414,https://www.wowhead.com/mop-classic/item=104414,Siege of Orgrimmar Heroic,Immerseus,,,,,,
Purehearted Cricket Cage,104448,https://www.wowhead.com/mop-classic/item=104448,Siege of Orgrimmar Heroic,Fallen Protectors,,,,,,
Purified Bindings of Immerseus,104426,https://www.wowhead.com/mop-classic/item=104426,Siege of Orgrimmar Heroic,Immerseus,,,,,,
Quarantine Shoulderguards,104459,https://www.wowhead.com/mop-classic/item=104459,Siege of Orgrimmar Heroic,Norushen,,,,,,
Rage-Blind Greathelm,104461,https://www.wowhead.com/mop-classic/item=104461,Siege of Orgrimmar Heroic,Norushen,,,,,,
Ravager's Pathwalkers,104557,https://www.wowhead.com/mop-classic/item=104557,Siege of Orgrimmar Heroic,Nazgrim,,,,,,
Reality Ripper Ring,104455,https://www.wowhead.com/mop-classic/item=104455,Siege of Orgrimmar Heroic,Norushen,,,,,,
Revelations of Y'Shaarj,104654,https://www.wowhead.com/mop-classic/item=104654,Siege of Orgrimmar Heroic,Garrosh,,,,,,
Ricocheting Shoulderguards,104510,https://www.wowhead.com/mop-classic/item=104510,Siege of Orgrimmar Heroic,Iron Juggernaut,,,,,,
Rik'kal's Bloody Scalpel,104631,https://www.wowhead.com/mop-classic/item=104631,Siege of Orgrimmar Heroic,Paragons,,,,,,
Rime-Rift Shoulders,104468,https://www.wowhead.com/mop-classic/item=104468,Siege of Orgrimmar Heroic,Norushen,,,,,,
Ring of Restless Energy,104562,https://www.wowhead.com/mop-classic/item=104562,Siege of Orgrimmar Heroic,Malkorok,,,,,,
Ring of the Iron Tomb,104540,https://www.wowhead.com/mop-classic/item=104540,Siege of Orgrimmar Heroic,Dark Shaman,,,,,,
Riou's Vigilant Leggings,104533,https://www.wowhead.com/mop-classic/item=104533,Siege of Orgrimmar Heroic,Dark Shaman,,,,,,
Robes of Riven Dreams,104575,https://www.wowhead.com/mop-classic/item=104575,Siege of Orgrimmar Heroic,Malkorok,,,,,,
Robes of the Blackened Watcher,104456,https://www.wowhead.com/mop-classic/item=104456,Siege of Orgrimmar Heroic,Norushen,,,,,,
Robes of the Tendered Heart,104444,https://www.wowhead.com/mop-classic/item=104444,Siege of Orgrimmar Heroic,Fallen Protectors,,,,,,
Robes of the Warrior's Fall,104556,https://www.wowhead.com/mop-classic/item=104556,Siege of Orgrimmar Heroic,Nazgrim,,,,,,
Romy's Reliable Grips,103818,https://www.wowhead.com/mop-classic/item=103818,Siege of Orgrimmar Heroic,Trash,,,,,,
Rook's Unlucky Talisman,104442,https://www.wowhead.com/mop-classic/item=104442,Siege of Orgrimmar Heroic,Fallen Protectors,,,,,,
Sabatons of Defilement,104450,https://www.wowhead.com/mop-classic/item=104450,Siege of Orgrimmar Heroic,Fallen Protectors,,,,,,
Salt Water Sandals,104428,https://www.wowhead.com/mop-classic/item=104428,Siege of Orgrimmar Heroic,Immerseus,,,,,,
Sandals of Two Little Bees,104552,https://www.wowhead.com/mop-classic/item=104552,Siege of Orgrimmar Heroic,Nazgrim,,,,,,
Sash of the Last Guardian,104467,https://www.wowhead.com/mop-classic/item=104467,Siege of Orgrimmar Heroic,Norushen,,,,,,
Scalebane Bracers,104498,https://www.wowhead.com/mop-classic/item=104498,Siege of Orgrimmar Heroic,Galakras,,,,,,
Seal of Eternal Sorrow,104427,https://www.wowhead.com/mop-classic/item=104427,Siege of Orgrimmar Heroic,Immerseus,,,,,,
Seal of Karmic Return,104655,https://www.wowhead.com/mop-classic/item=104655,Siege of Orgrimmar Heroic,Garrosh,,,,,,
Seal of Sullen Fury,104578,https://www.wowhead.com/mop-classic/item=104578,Siege of Orgrimmar Heroic,Malkorok,,,,,,
Seal of the Forgotten Kings,104593,https://www.wowhead.com/mop-classic/item=104593,Siege of Orgrimmar Heroic,Spoils,,,,,,
Seebo's Sainted Touch,103753,https://www.wowhead.com/mop-classic/item=103753,Siege of Orgrimmar Heroic,Trash,,,,,,
Seismic Bore,104508,https://www.wowhead.com/mop-classic/item=104508,Siege of Orgrimmar Heroic,Iron Juggernaut,,,,,,
Self-Reflecting Mask,104480,https://www.wowhead.com/mop-classic/item=104480,Siege of Orgrimmar Heroic,Sha of Pride,,,,,,
Sha-Seared Sandals,104443,https://www.wowhead.com/mop-classic/item=104443,Siege of Orgrimmar Heroic,Fallen Protectors,,,,,,
Shackles of Stinking Slime,104549,https://www.wowhead.com/mop-classic/item=104549,Siege of Orgrimmar Heroic,Dark Shaman,,,,,,
Shado-Pan Reliquary Kilt,104600,https://www.wowhead.com/mop-classic/item=104600,Siege of Orgrimmar Heroic,Spoils,,,,,,
Shadow-Binder's Kilt,104474,https://www.wowhead.com/mop-classic/item=104474,Siege of Orgrimmar Heroic,Norushen,,,,,,
Shield of Mockery,104485,https://www.wowhead.com/mop-classic/item=104485,Siege of Orgrimmar Heroic,Sha of Pride,,,,,,
Shock Pulse Robes,104523,https://www.wowhead.com/mop-classic/item=104523,Siege of Orgrimmar Heroic,Iron Juggernaut,,,,,,
Shockstriker Gauntlets,104439,https://www.wowhead.com/mop-classic/item=104439,Siege of Orgrimmar Heroic,Fallen Protectors,,,,,,
Shoulderguards of Dark Meditations,104451,https://www.wowhead.com/mop-classic/item=104451,Siege of Orgrimmar Heroic,Fallen Protectors,,,,,,
Shoulderguards of Foul Streams,104548,https://www.wowhead.com/mop-classic/item=104548,Siege of Orgrimmar Heroic,Dark Shaman,,,,,,
Shoulderguards of Intended Power,104643,https://www.wowhead.com/mop-classic/item=104643,Siege of Orgrimmar Heroic,Garrosh,,,,,,
Shoulderguards of the Righteous Stand,104555,https://www.wowhead.com/mop-classic/item=104555,Siege of Orgrimmar Heroic,Nazgrim,,,,,,
Shoulderpads of Dou Dou Chong,104445,https://www.wowhead.com/mop-classic/item=104445,Siege of Orgrimmar Heroic,Fallen Protectors,,,,,,
Shoulderpads of Pulsing Protection,104501,https://www.wowhead.com/mop-classic/item=104501,Siege of Orgrimmar Heroic,Galakras,,,,,,
Shoulderplates of Gushing Geysers,104550,https://www.wowhead.com/mop-classic/item=104550,Siege of Orgrimmar Heroic,Dark Shaman,,,,,,
Shoulders of the Cursed Conqueror,99718,https://www.wowhead.com/mop-classic/item=99718,Siege of Orgrimmar Heroic,Blackfuse,,,,,,
Shoulders of the Cursed Protector,99719,https://www.wowhead.com/mop-classic/item=99719,Siege of Orgrimmar Heroic,Blackfuse,,,,,,
Shoulders of the Cursed Vanquisher,99717,https://www.wowhead.com/mop-classic/item=99717,Siege of Orgrimmar Heroic,Blackfuse,,,,,,
Shoulders of the Roiling Inferno,104449,https://www.wowhead.com/mop-classic/item=104449,Siege of Orgrimmar Heroic,Fallen Protectors,,,,,,
Siegecrafter's Forge Hammer,104625,https://www.wowhead.com/mop-classic/item=104625,Siege of Orgrimmar Heroic,Blackfuse,,,,,,
Sigil of Rampage,104584,https://www.wowhead.com/mop-classic/item=104584,Siege of Orgrimmar Heroic,Spoils,,,,,,
Signet of the Dinomancers,104610,https://www.wowhead.com/mop-classic/item=104610,Siege of Orgrimmar Heroic,Thok,,,,,,
Siid's Silent Stranglers,103832,https://www.wowhead.com/mop-classic/item=103832,Siege of Orgrimmar Heroic,Trash,,,,,,
Skeer's Bloodsoaked Talisman,104636,https://www.wowhead.com/mop-classic/item=104636,Siege of Orgrimmar Heroic,Paragons,,,,,,
Skydancer Boots,104500,https://www.wowhead.com/mop-classic/item=104500,Siege of Orgrimmar Heroic,Galakras,,,,,,
Smoldering Drakescale Bracers,104506,https://www.wowhead.com/mop-classic/item=104506,Siege of Orgrimmar Heroic,Galakras,,,,,,
Softfoot's Last Resort,104434,https://www.wowhead.com/mop-classic/item=104434,Siege of Orgrimmar Heroic,Fallen Protectors,,,,,,
Sorrowpath Signet,104440,https://www.wowhead.com/mop-classic/item=104440,Siege of Orgrimmar Heroic,Fallen Protectors,,,,,,
Soul-Soaked Gloves,104430,https://www.wowhead.com/mop-classic/item=104430,Siege of Orgrimmar Heroic,Immerseus,,,,,,
Spaulders of Kor'kron Fealty,104561,https://www.wowhead.com/mop-classic/item=104561,Siege of Orgrimmar Heroic,Nazgrim,,,,,,
Spaulders of the Fallen Warchief,104645,https://www.wowhead.com/mop-classic/item=104645,Siege of Orgrimmar Heroic,Garrosh,,,,,,
Stonetoe's Tormented Treads,104435,https://www.wowhead.com/mop-classic/item=104435,Siege of Orgrimmar Heroic,Fallen Protectors,,,,,,
Swift Serpent Signet,104487,https://www.wowhead.com/mop-classic/item=104487,Siege of Orgrimmar Heroic,Galakras,,,,,,
Tar-Coated Gauntlets,104515,https://www.wowhead.com/mop-classic/item=104515,Siege of Orgrimmar Heroic,Iron Juggernaut,,,,,,
Terrorguard Chestplate,104583,https://www.wowhead.com/mop-classic/item=104583,Siege of Orgrimmar Heroic,Malkorok,,,,,,
Thok's Acid-Grooved Tooth,104611,https://www.wowhead.com/mop-classic/item=104611,Siege of Orgrimmar Heroic,Thok,,,,,,
Thok's Tail Tip,104613,https://www.wowhead.com/mop-classic/item=104613,Siege of Orgrimmar Heroic,Thok,,,,,,
Thranok's Shattering Helm,104492,https://www.wowhead.com/mop-classic/item=104492,Siege of Orgrimmar Heroic,Galakras,,,,,,
Ticking Ebon Detonator,104616,https://www.wowhead.com/mop-classic/item=104616,Siege of Orgrimmar Heroic,Blackfuse,,,,,,
Toxic Tornado Treads,104541,https://www.wowhead.com/mop-classic/item=104541,Siege of Orgrimmar Heroic,Dark Shaman,,,,,,
Treads of Autonomic Motion,104527,https://www.wowhead.com/mop-classic/item=104527,Siege of Orgrimmar Heroic,Iron Juggernaut,,,,,,
Treads of Unchained Hate,104418,https://www.wowhead.com/mop-classic/item=104418,Siege of Orgrimmar Heroic,Immerseus,,,,,,
Trident of Corrupted Waters,104412,https://www.wowhead.com/mop-classic/item=104412,Siege of Orgrimmar Heroic,Immerseus,,,,,,
Turtleshell Greatcloak,103800,https://www.wowhead.com/mop-classic/item=103800,Siege of Orgrimmar Heroic,Trash,,,,,,
Tusks of Mannoroth,104646,https://www.wowhead.com/mop-classic/item=104646,Siege of Orgrimmar Heroic,Garrosh,,,,,,
Unrepentant Heels,104488,https://www.wowhead.com/mop-classic/item=104488,Siege of Orgrimmar Heroic,Galakras,,,,,,
Untainted Guardian's Chain,104469,https://www.wowhead.com/mop-classic/item=104469,Siege of Orgrimmar Heroic,Norushen,,,,,,
Untarnishable Greatbelt,104591,https://www.wowhead.com/mop-classic/item=104591,Siege of Orgrimmar Heroic,Spoils,,,,,,
Vial of Living Corruption,104572,https://www.wowhead.com/mop-classic/item=104572,Siege of Orgrimmar Heroic,Malkorok,,,,,,
Visage of the Monstrous,104579,https://www.wowhead.com/mop-classic/item=104579,Siege of Orgrimmar Heroic,Malkorok,,,,,,
Wall-Borer Bracers,104514,https://www.wowhead.com/mop-classic/item=104514,Siege of Orgrimmar Heroic,Iron Juggernaut,,,,,,
Waterwalker Greatboots,104432,https://www.wowhead.com/mop-classic/item=104432,Siege of Orgrimmar Heroic,Immerseus,,,,,,
Windfire Legplates,104507,https://www.wowhead.com/mop-classic/item=104507,Siege of Orgrimmar Heroic,Galakras,,,,,,
Wolf-Rider Spurs,104535,https://www.wowhead.com/mop-classic/item=104535,Siege of Orgrimmar Heroic,Dark Shaman,,,,,,
Wristguards of Ruination,104566,https://www.wowhead.com/mop-classic/item=104566,Siege of Orgrimmar Heroic,Malkorok,,,,,,
Wristplates of Broken Doubt,104475,https://www.wowhead.com/mop-classic/item=104475,Siege of Orgrimmar Heroic,Norushen,,,,,,
"Xal'atoh, Desecrated Image of Gorehowl",104648,https://www.wowhead.com/mop-classic/item=104648,Siege of Orgrimmar Heroic,Garrosh,"Class.Paladin, Class.Warrior, Class.DeathKnight",,,,,
"Xifeng, Longblade of the Titanic Guardian",104464,https://www.wowhead.com/mop-classic/item=104464,Siege of Orgrimmar Heroic,Norushen,"Class.Warrior, Class.Paladin, Class.DeathKnight",,,,,
Zoid's Molten Gauntlets,103734,https://www.wowhead.com/mop-classic/item=103734,Siege of Orgrimmar Heroic,Trash,"Class.Paladin, Class.Warrior, Class.DeathKnight",,,,,
